{
  "bugs": [
    {
      "id": 14,
      "name": "",
      "isClosed": false,
      "createdAt": "2020-07-09T05:30:42.978Z"
    },
    {
      "id": 15,
      "name": "",
      "isClosed": false,
      "createdAt": "2020-07-09T05:31:25.311Z"
    },
    {
      "id": 16,
      "name": "mmmm",
      "isClosed": false,
      "createdAt": "2020-07-09T05:41:23.070Z"
    },
    {
      "id": 17,
      "name": "Murali naidu",
      "isClosed": false,
      "createdAt": "2020-07-09T07:31:28.802Z"
    }
  ],
  "projects": [
    {
      "id": 1,
      "name": "Payroll Master"
    },
    {
      "id": 2,
      "name": "Expense Manager"
    },
    {
      "id": 3,
      "name": "Murali Naidu"
    }
  ]
}